30,30,0,30,1.0,0,279.0,0.006894698173446959,60.0,5.653149777622998e-06,17548610.52199766,0.2951886220831522
60,60,0,60,1.0,0,260.0,0.00691541463462418,60.0,3.2472994058525587e-06,11417425.636117853,0.2021396674321912
90,90,0,90,1.0,0,223.0,0.003434014877691782,60.0,8.558218146696936e-06,17142168.717957005,0.2675973637543462
120,120,0,120,1.0,0,249.0,0.007878802112752294,60.0,3.195705192338024e-06,14758959.693874689,0.2643219449704529
150,150,0,150,1.0,0,291.0,0.001105494559661291,60.0,4.025697730316043e-06,2234569.6647844333,0.2390161067238394
180,180,0,180,1.0,0,229.0,0.006124440582687267,60.0,7.164046210945943e-06,6771862.970935277,0.21279668482130226
210,210,0,210,1.0,0,232.0,0.002754473065775493,60.0,9.188414311743754e-06,7442321.128372188,0.22723146627468685
240,240,0,240,1.0,0,226.0,0.001283199281674105,60.0,6.384358673304739e-06,2202150.4920365727,0.21013877674627593
270,270,0,270,1.0,0,300.0,0.0022256714197450007,60.0,9.968993461973892e-06,14909603.433001349,0.28149894484101834
300,300,0,300,1.0,0,220.0,0.0015254126206463397,60.0,2.0988007553004964e-06,11467536.192232355,0.2940920607725219
330,330,0,330,1.0,0,260.0,0.00866239592871695,60.0,8.312446857268867e-06,1593717.7858691057,0.2518622366883054
360,360,0,360,1.0,0,295.0,0.006824809914755771,60.0,7.3431659175288435e-06,13397219.05232569,0.2877607030973198
390,390,0,390,1.0,0,281.0,0.006242098101488297,60.0,3.6779957980971682e-06,2367992.2481117984,0.22929923851044964
420,420,0,420,1.0,0,287.0,0.0017470288866200487,60.0,7.3360174079889845e-06,9699707.306029465,0.27626747576438215
450,450,0,450,1.0,0,205.0,0.0035966930054059537,60.0,8.494019323027879e-06,17476897.99863009,0.25719082291945744
480,480,0,480,1.0,0,225.0,0.0070920025462956,60.0,6.718285417048058e-06,9384322.936833337,0.26525154345141344
510,510,0,510,1.0,0,263.0,0.0018129699091539247,60.0,9.281727717100423e-06,10055672.500523603,0.28720136706939503
540,540,0,540,1.0,0,205.0,0.003587705612312216,60.0,4.780428805799491e-06,4172586.718851654,0.20603392764500467
570,570,0,570,1.0,0,201.0,0.001230177055500289,60.0,6.519477838032947e-06,10449409.527305957,0.29203118274841083
600,600,0,600,1.0,0,263.0,0.009815873187388496,60.0,3.943422834711176e-06,8406111.850017985,0.2718465757256897
630,630,0,630,1.0,0,293.0,0.0029727268249786177,60.0,5.237299206256779e-06,12562063.508318726,0.24307030081606484
660,660,0,660,1.0,0,272.0,0.003379877798104453,60.0,9.653863277092002e-06,10278523.546504702,0.27838761623432623
690,690,0,690,1.0,0,233.0,0.002028282307425151,60.0,9.748242610096537e-06,4853587.071703101,0.27498463624140007
711,709,2,743,0.24193292935855676,1,261.0,0.004004014969166765,60.0,3.989919511044485e-06,17649298.665982157,0.2608664676885169
741,739,2,773,1.0,1,259.0,0.00885982801856399,60.0,9.402311880403262e-06,11718646.775392866,0.2987524698029732
771,769,2,803,1.0,1,238.0,0.007166387127487487,60.0,3.215423522850062e-06,18341237.66555702,0.21333842866987518
801,799,2,833,1.0,1,286.0,0.008435786015534626,60.0,7.031204807598416e-06,11318285.000477787,0.22232639113362695
831,829,2,863,1.0,1,205.0,0.009332006619263991,60.0,6.430799503931503e-06,15615339.915173559,0.2769878264217782
861,859,2,893,1.0,1,290.0,0.006045173648552737,60.0,4.476532990449889e-06,5902754.308011045,0.2548730714926908
891,889,2,923,1.0,1,289.0,0.006133704348641838,60.0,2.69632332027209e-06,4254272.110160318,0.2841073865176545
921,919,2,953,1.0,1,245.0,0.004544837330287965,60.0,6.954210640941199e-06,6550502.765034445,0.20879762470160498
951,947,4,1015,1.0,1,284.0,0.006028704156226619,60.0,8.02105415323153e-06,6232398.289748999,0.23627414011754186
981,977,4,1045,1.0,1,291.0,0.0012744152099406882,60.0,2.2269799000487298e-06,10588716.336288327,0.24239119915247556
1011,1007,4,1075,1.0,1,213.0,0.0018825335079505684,60.0,9.558570396894528e-06,9360700.463293023,0.2572057124864586
1041,1036,5,1121,1.0,1,238.0,0.008616641202094806,60.0,4.595317207711464e-06,2799626.485113548,0.24428795662740982
1071,1066,5,1151,1.0,1,228.0,0.0015584895654260499,60.0,2.1185451309875677e-06,17198440.92938284,0.2130069806695388
1101,1096,5,1181,1.0,1,251.0,0.0012252340548640534,60.0,2.100884816641811e-06,19019525.998830695,0.22331008245484826
1131,1126,5,1211,1.0,1,228.0,0.006758181683231057,60.0,2.904775860051535e-06,10687795.59123459,0.2884561891899552
1161,1156,5,1241,1.0,1,288.0,0.005088164482507696,60.0,9.214592527386225e-06,4888115.143319327,0.23111371546636572
1191,1186,5,1271,1.0,1,278.0,0.003891147887863105,60.0,7.8350645747628e-06,17124629.367071345,0.26826173975134143
1221,1216,5,1301,1.0,1,295.0,0.0042095213898567345,60.0,8.351253434706628e-06,12471904.793625757,0.20577816830501558
1251,1246,5,1331,1.0,1,282.0,0.002370937676635535,60.0,2.3331361323296368e-06,15904304.674571376,0.24768015172665736
1281,1276,5,1361,1.0,1,294.0,0.006897087645012282,60.0,6.241699434650275e-06,13933423.788872069,0.20335560275851683
1311,1306,5,1391,1.0,1,277.0,0.0026677358717545493,60.0,7.161682892721529e-06,15398561.241341127,0.26450801282073083
1341,1336,5,1421,1.0,1,241.0,0.007073398155701523,60.0,5.240556895295133e-06,14251128.804019636,0.20672813996416428
1371,1366,5,1451,1.0,1,264.0,0.00712403098788847,60.0,3.55215019578917e-06,13726667.676668428,0.24956098464334034
1401,1396,5,1481,1.0,1,213.0,0.007476839528686849,60.0,5.901300734406424e-06,8015998.883126037,0.22698586947943294
1431,1426,5,1511,1.0,1,228.0,0.008898439984677878,60.0,8.783200522391727e-06,12437352.975320663,0.2559261437977498
1461,1456,5,1541,1.0,1,270.0,0.0053561330550241665,60.0,5.054839533526732e-06,11313336.706280451,0.23766935600792352
1491,1486,5,1571,1.0,1,223.0,0.0032533129975321515,60.0,9.343381670803076e-06,5240348.630095848,0.22426487787700403
1521,1515,6,1617,1.0,1,238.0,0.009198265502416671,60.0,7.682735607793427e-06,2198270.2608732213,0.2924133142830706
1551,1545,6,1647,1.0,1,276.0,0.0043160576511542485,60.0,8.757177445047718e-06,13719857.494225908,0.21702999926253264
1581,1575,6,1677,1.0,1,282.0,0.008939707454653601,60.0,4.584099652606039e-06,12529496.63229164,0.2996538634830468
1611,1605,6,1707,1.0,1,264.0,0.007758169414762296,60.0,8.563611020867835e-06,16594842.838451648,0.22167666993089144
1641,1635,6,1737,1.0,1,232.0,0.006762462306786606,60.0,5.306765181382071e-06,19826944.866515044,0.20250129720168838
1671,1665,6,1767,1.0,1,297.0,0.005298979067483937,60.0,8.523456495804761e-06,19727295.54391872,0.23785959935409776
1701,1695,6,1797,1.0,1,219.0,0.005618109365956572,60.0,9.629328834699058e-06,12995953.722521875,0.2516892519764585
1731,1725,6,1827,1.0,1,261.0,0.005359220764231017,60.0,8.068433607099344e-06,6730813.922440938,0.2729110268004281
1761,1755,6,1857,1.0,1,234.0,0.003291970664333242,60.0,5.5732883681238275e-06,14789593.718681533,0.22931816746443484
1791,1785,6,1887,1.0,1,223.0,0.002159419065261757,60.0,8.556921115582316e-06,17475760.937430497,0.29654763572548193
1821,1815,6,1917,1.0,1,284.0,0.005762240871652771,60.0,7.69477366788728e-06,19433344.033124,0.2705427687536175
1851,1845,6,1947,1.0,1,274.0,0.0015285386899828416,60.0,2.7604710813941597e-06,18482061.918285776,0.2071502957734313
1881,1875,6,1977,1.0,1,285.0,0.005217696026068867,60.0,2.570608173587863e-06,1695297.8887033416,0.2431644269734039
1911,1905,6,2007,1.0,1,292.0,0.0021265110107699927,60.0,6.96647522238568e-06,8995771.545917716,0.2239086823679316
1941,1935,6,2037,1.0,1,253.0,0.005766922575776727,60.0,4.993288036962606e-06,14878401.78248572,0.256524648832668
1971,1965,6,2067,1.0,1,225.0,0.006164385352105819,60.0,3.7959740448176045e-06,6056796.512776452,0.20060938306735582
2001,1995,6,2097,1.0,1,214.0,0.0019080600664273934,60.0,7.224608305073638e-06,2510611.177004872,0.21068385264928252
2031,2022,9,2175,1.0,1,290.0,0.002998266131735532,60.0,9.349301959298938e-06,6835462.201982305,0.2539170572373515
2061,2052,9,2205,1.0,1,220.0,0.00217528349040382,60.0,8.608416314572478e-06,16021332.670517439,0.29473489251267404
2091,2082,9,2235,1.0,1,239.0,0.004348298139399805,60.0,2.166693163506614e-06,17396654.71347443,0.2064516504757299
2121,2112,9,2265,1.0,1,218.0,0.004043815953867843,60.0,7.431044369087569e-06,16955495.11773879,0.2802117434024183
2151,2142,9,2295,1.0,1,220.0,0.0011009867997278028,60.0,9.302488622190362e-06,11644510.326618461,0.28059690889364186
2181,2172,9,2325,1.0,1,219.0,0.0012947975895087043,60.0,8.94491840169496e-06,5885348.981525823,0.2931536923608465
2211,2197,14,2435,1.0,1,240.0,0.003576753766740635,60.0,5.929218289872715e-06,6595957.322511869,0.29978387448564364
2241,2225,16,2497,1.0,1,227.0,0.007700047082352185,60.0,5.6197286348312155e-06,18423999.475348204,0.27048107654547715
2271,2255,16,2527,1.0,1,244.0,0.009541065786584361,60.0,9.527186489412712e-06,9509589.031306775,0.28558542283515875
2301,2285,16,2557,1.0,1,242.0,0.001169698334202036,60.0,2.7032988852150554e-06,13898532.66712045,0.23264183558687582
2331,2315,16,2587,1.0,1,267.0,0.00526846762770635,60.0,2.2893551877876392e-06,19285977.710501045,0.2885681925614521
2361,2345,16,2617,1.0,1,287.0,0.009797831249509469,60.0,7.595402577113797e-06,18794635.15812413,0.2471888025183167
2391,2375,16,2647,1.0,1,222.0,0.0031445806543637764,60.0,5.049015797116128e-06,12350264.083710777,0.25630584482115554
2421,2402,19,2725,1.0,1,281.0,0.007099893745712041,60.0,5.866955174838122e-06,11644461.950351762,0.2929365838530139
2451,2432,19,2755,1.0,1,288.0,0.0017582809023950104,60.0,7.950301847771686e-06,6388562.318144087,0.27579032774904494
2481,2456,25,2881,0.352263290304558,1,207.0,0.007830498791950063,60.0,5.253479551515707e-06,11547106.352797331,0.25961663820114017
2511,2486,25,2911,1.0,1,256.0,0.00553360846198584,60.0,8.083048190427454e-06,5998693.959469895,0.2707836966995896
2541,2501,40,3181,0.2051821102880498,1,212.0,0.007284443296909242,60.0,8.60672348424985e-06,16096693.577813346,0.21162943949325339
2571,2531,40,3211,1.0,1,272.0,0.00745333967218578,60.0,7.852412573633323e-06,9498230.83470095,0.24288413894695982
2601,2557,44,3305,0.1663437884077081,1,233.0,0.006745788982791077,60.0,4.280016736835306e-06,18116036.580049276,0.28335142629962423
2631,2587,44,3335,1.0,1,214.0,0.0014109231607878456,60.0,8.943275422146906e-06,2660774.301850378,0.22230490642376147
2642,2593,49,3426,0.19010871106999352,2,296.0,0.0032626496105806523,60.0,2.4072136193629765e-06,8801206.654224373,0.24328497075846883
2672,2622,50,3472,1.0,2,298.0,0.008203790947917157,60.0,5.062806955388334e-06,10643228.365384325,0.23214776991906247
2702,2652,50,3502,1.0,2,202.0,0.0034953481692969308,60.0,8.07149695576313e-06,13544263.237218654,0.2595949390243944
2732,2677,55,3612,1.0,2,251.0,0.001166126552810955,60.0,3.868991252406375e-06,19111471.41638473,0.21383092275948162
2762,2707,55,3642,1.0,2,217.0,0.008756133908534865,60.0,3.178104827393842e-06,7479767.638252356,0.26548768268455686
2792,2737,55,3672,1.0,2,218.0,0.0029574804758250727,60.0,8.449893111745399e-06,9537521.769555323,0.25825821315166114
2813,2751,62,3805,0.2264023812399931,3,267.0,0.006370148648954854,60.0,2.688275350829102e-06,5863054.991274588,0.2971959993537055
2843,2781,62,3835,1.0,3,214.0,0.009900833147832518,60.0,9.244550165219182e-06,1728713.7463033842,0.2223301273713152
2862,2793,69,3966,0.17096389739138318,3,256.0,0.006879220704751391,60.0,5.95126078116687e-06,1401478.8331684326,0.20595488301029996
2892,2808,84,4236,0.3169838938219865,3,203.0,0.003779549112132501,60.0,9.855084842389751e-06,15392070.453984564,0.23525583684306944
2922,2838,84,4266,1.0,3,248.0,0.005815995616274084,60.0,5.259511369105577e-06,18356793.29886506,0.20411468105788078
2952,2868,84,4296,1.0,3,204.0,0.0018041850165382075,60.0,5.9679854327480436e-06,8419703.165212294,0.2760355557005608
2982,2875,107,4694,0.17185765038998543,3,215.0,0.007776227918068456,60.0,6.7583258950268465e-06,5297781.902628519,0.22274298362336928
3004,2894,110,4764,0.18014994992975739,4,257.0,0.0069723790008902895,60.0,5.3405243633533325e-06,13234671.481689172,0.23016735105247643
3034,2924,110,4794,1.0,4,276.0,0.0022756897290391754,60.0,3.2582521459198182e-06,11247933.745597757,0.22721177798379932
3051,2936,115,4891,0.1887858773510601,4,269.0,0.004299132043660144,60.0,9.12513209238449e-06,16111658.090382705,0.21014286069847948
3081,2964,117,4953,1.0,4,252.0,0.007169513125994267,60.0,2.462654394208406e-06,6620165.726890862,0.24410903266455586
3095,2976,119,4999,0.14385806780482663,5,238.0,0.004253133270399693,60.0,9.515958576291443e-06,12419240.796277465,0.2209796622641668
3125,3005,120,5045,1.0,5,273.0,0.002601256941718413,60.0,3.170393829544559e-06,7064281.789280964,0.2935659629862383
3137,3014,123,5105,0.18981390665131587,6,252.0,0.007037501531498749,60.0,5.139191807018034e-06,11873201.893497922,0.2842852576039672
3167,3041,126,5183,0.14443025539473942,7,289.0,0.00881986097042678,60.0,3.3178726215866573e-06,7191972.715472873,0.27280315791834026
3197,3069,128,5245,1.0,7,282.0,0.009776810077648735,60.0,5.040611749599263e-06,14059820.19532948,0.22067302357012056
3227,3099,128,5275,1.0,7,244.0,0.009071657007709812,60.0,8.286298650493148e-06,14808402.053019902,0.2092941603101875
3257,3129,128,5305,1.0,7,300.0,0.0057946427842743365,60.0,5.215879256866115e-06,4293850.0747102555,0.26848471966949766
3271,3141,130,5351,0.14982379509633562,8,249.0,0.0016549044700807304,60.0,5.461725075337969e-06,3594336.590535146,0.28429360796874376
3285,3147,138,5493,0.14398504801817585,9,297.0,0.0029196288840386917,60.0,5.950918538763917e-06,1285580.3055270247,0.2023651747072876
3303,3153,150,5703,0.14942551249347175,10,222.0,0.0019948101708266194,60.0,5.107572047378155e-06,10441023.873475615,0.22163307527399415
3333,3183,150,5733,1.0,10,240.0,0.005615301273187298,60.0,6.549652567423356e-06,15006146.837297298,0.27506795264634415
3363,3212,151,5779,1.0,10,234.0,0.003195567077631385,60.0,9.577679630564115e-06,7987968.518363331,0.25037156143366707
3379,3222,157,5891,0.14098490394350763,11,221.0,0.005935682320026456,60.0,2.0084902497911097e-06,19907298.763035983,0.2740726883127516
3409,3252,157,5921,1.0,11,255.0,0.005141457152714911,60.0,2.3171061719701465e-06,11199495.547421254,0.2519891617775731
3439,3282,157,5951,1.0,11,206.0,0.003711353864363707,60.0,6.6241186180695205e-06,8357666.325432364,0.2674628325472911
3449,3288,161,6025,0.2074497862414678,12,275.0,0.007341805418596703,60.0,4.221382074256758e-06,11064259.305135408,0.2690616050132428
3474,3307,167,6146,0.14831730683767708,13,300.0,0.0061599803341713865,60.0,2.0820509485640794e-06,16430090.454462614,0.2776033623407649
3504,3333,171,6240,0.13942475044778532,13,249.0,0.00734130614017845,60.0,8.092194551102821e-06,12998588.538081635,0.2008385208157657
3526,3344,182,6438,0.16842782059777184,14,287.0,0.009434743413303887,60.0,9.589161278156343e-06,14344113.99440378,0.29656239889297753
3556,3373,183,6484,1.0,14,255.0,0.0043127387399866405,60.0,9.894183803021037e-06,12391000.966446115,0.2857829755021143
3567,3380,187,6559,0.14734657117763467,15,215.0,0.0029313547970502953,60.0,3.41204705752127e-06,15974053.698835483,0.21662368886013078
3597,3409,188,6605,0.18823401916764546,15,253.0,0.0050591327118635855,60.0,7.834761861134253e-06,7594254.137029086,0.23025814077915255
3606,3416,190,6646,0.1962841356322645,16,271.0,0.009046777420798232,60.0,9.56119049276755e-06,14783390.610384269,0.28967262504944646
3636,3446,190,6676,1.0,16,235.0,0.0020643078245460135,60.0,9.856106934560272e-06,5046994.256586868,0.24987402970052686
3644,3450,194,6748,0.34338581994181305,17,250.0,0.002781415803026697,60.0,4.787801114334365e-06,15651065.280298965,0.2963500036054922
3674,3480,194,6778,1.0,17,236.0,0.006923952797195038,60.0,6.843591672243032e-06,14479458.435716726,0.2255531308285629
3704,3510,194,6808,1.0,17,230.0,0.004207646872691548,60.0,3.5080716001320146e-06,17048467.95978088,0.2574707585327868
3734,3540,194,6838,1.0,17,263.0,0.002615309541785793,60.0,5.688470292307192e-06,12901014.45405489,0.2932132086735745
3764,3566,198,6932,1.0,17,282.0,0.004475719063909032,60.0,3.144832904048275e-06,10501037.632332051,0.2135381069009636
3794,3596,198,6962,1.0,17,208.0,0.004686399269989162,60.0,9.532387525182921e-06,11594589.142017417,0.2248955821431967
3806,3605,201,7022,0.1549431190234533,18,262.0,0.007787878700615207,60.0,3.0278570619043096e-06,14612670.67739784,0.2787367341141193
3836,3635,201,7052,1.0,18,208.0,0.0012452189315408217,60.0,8.762519651561963e-06,14090801.568280227,0.29326974078737045
3866,3664,202,7098,1.0,18,219.0,0.00234276716396875,60.0,7.442207031859607e-06,12044783.925844597,0.27130132762657794
3896,3689,207,7208,1.0,18,281.0,0.005927547064805259,60.0,3.0129749063476723e-06,14461412.797604742,0.21166791749998085
3926,3719,207,7238,1.0,18,244.0,0.004374630718222354,60.0,5.169953495114605e-06,17556414.81684495,0.2142327692060128
3956,3747,209,7300,1.0,18,200.0,0.0014563061040226471,60.0,6.728921576062437e-06,19827243.4078048,0.28930367496213116
3986,3777,209,7330,1.0,18,293.0,0.002782669585223681,60.0,3.390943444539496e-06,18138581.96156571,0.24186358190299617
4016,3807,209,7360,1.0,18,240.0,0.0025250467872397365,60.0,8.845491675906875e-06,3694781.177242056,0.27150471626816125
4024,3811,213,7432,0.22983265757275073,19,207.0,0.00982402828731125,60.0,7.098864865008517e-06,11933238.335409235,0.2707010353901923
4054,3841,213,7462,1.0,19,209.0,0.00934080324817426,60.0,9.542928360257549e-06,18449590.103105254,0.22810285712477094
4084,3871,213,7492,1.0,19,291.0,0.0019141667903256145,60.0,7.4447188835815305e-06,9220717.257093262,0.2916745216717541
4098,3876,222,7650,0.1422347739117933,15,214.0,0.0012994407285588996,60.0,6.272991782475616e-06,8081480.808833266,0.2109111747015976
4128,3895,233,7856,1.0,15,260.0,0.0036318632302246726,60.0,5.9583944691401015e-06,19089782.951904193,0.20178426679697553
4158,3925,233,7886,1.0,15,283.0,0.0016927125708703383,60.0,3.6573268823291168e-06,13926135.548400676,0.2174980490704341
4188,3954,234,7932,1.0,15,229.0,0.0016946731186654874,60.0,6.2404289682726206e-06,15118578.053471632,0.22114205213142743
4218,3984,234,7962,1.0,15,294.0,0.001828380772679248,60.0,7.64824515293815e-06,5805590.144313641,0.29621665691103105
4225,3988,237,8017,0.21581574833981493,16,222.0,0.00553661394200036,60.0,2.1700734426874975e-06,3560048.862529513,0.22182582420016306
4255,4016,239,8079,1.0,16,297.0,0.001588174820915798,60.0,9.842538396166152e-06,8161331.298109528,0.2703393712622003
4265,4021,244,8169,0.2407201981678559,17,230.0,0.0015274603081088948,60.0,9.783664082046634e-06,12106102.758857125,0.2552344648037067
4282,4030,252,8314,0.14112643168276678,18,268.0,0.008653682860852453,60.0,9.532837209638716e-06,19624547.863669455,0.2582654212212443
4312,4060,252,8344,1.0,18,273.0,0.009680199942510844,60.0,8.354516792919937e-06,19907979.748320036,0.20257512169340447
4342,4090,252,8374,1.0,18,220.0,0.006738423218808666,60.0,4.425482123198779e-06,13061879.926201975,0.24292377615624564
4372,4120,252,8404,1.0,18,277.0,0.003455673352369117,60.0,7.843973506560859e-06,15029871.25355475,0.24764145998524134
4402,4149,253,8450,1.0,18,264.0,0.005299878989787883,60.0,6.0542006786415865e-06,10069835.183803523,0.2515286087999676
4432,4174,258,8560,1.0,18,281.0,0.0031713268410747003,60.0,3.722378273748935e-06,13361841.287115835,0.21979632720433157
4462,4201,261,8638,1.0,18,206.0,0.004436276179757425,60.0,5.8815022997752515e-06,8261540.070588626,0.2294839070233717
4492,4220,272,8844,1.0,18,215.0,0.005103218465864679,60.0,7.760121045362676e-06,12259346.44761416,0.27860978576380196
4522,4243,279,8986,1.0,18,280.0,0.0014111225653233013,60.0,5.808845937664731e-06,10962996.956070354,0.20093571445825836
4552,4266,286,9128,1.0,18,287.0,0.008462215089207612,60.0,4.462685948501499e-06,7526290.329042901,0.2562203295716878
4582,4296,286,9158,1.0,18,266.0,0.002211509767634085,60.0,3.7329137069464855e-06,17970188.491664734,0.21869602259082968
4612,4324,288,9220,1.0,18,203.0,0.006368637903981514,60.0,5.191635551981575e-06,13454724.792572718,0.2899664995162923
4635,4336,299,9419,0.13096767558849312,19,229.0,0.0069936444610526486,60.0,2.2619420383311794e-06,3227551.916788647,0.21000240720304247
4665,4362,303,9513,1.0,19,281.0,0.007695601937903014,60.0,4.382254478422407e-06,5152603.444675222,0.2642984943001736
4673,4368,305,9553,0.1562302985307913,20,272.0,0.007147595183227754,60.0,8.536217036690536e-06,16720925.73831601,0.26836631752836343
4690,4381,309,9634,0.1376014990835142,21,270.0,0.003322160917593968,60.0,4.5241460883958286e-06,18209139.232488338,0.20792744638898697
4720,4408,312,9712,0.2599523068703546,21,228.0,0.009408812400313271,60.0,6.443591050453889e-06,12681468.74404456,0.2792491346409047
4737,4416,321,9873,0.14502553605382348,22,247.0,0.001411504071480314,60.0,2.1761768556824303e-06,14605006.872666154,0.24638270157062994
4767,4443,324,9951,1.0,22,266.0,0.006624092752507656,60.0,4.344090787310269e-06,17989437.576212116,0.2391408702689734
4797,4471,326,10013,1.0,22,281.0,0.001210316284015227,60.0,2.300701624591139e-06,11207479.595552884,0.2822916232011542
4827,4498,329,10091,1.0,22,219.0,0.0033479752078031245,60.0,8.561341026674715e-06,12100982.152848978,0.21012398715739478
4840,4505,335,10200,0.1736078660809073,23,287.0,0.008057917779500849,60.0,2.6246566332311864e-06,17322182.04256247,0.21575195496825306
4870,4535,335,10230,1.0,23,212.0,0.003614775406238038,60.0,5.6003452221789886e-06,13472408.812064875,0.2916011187793797
4883,4543,340,10323,0.17587164498839775,22,260.0,0.005532268980376361,60.0,4.551197049530871e-06,18412846.404900488,0.23314708544498866
4913,4570,343,10401,1.0,22,259.0,0.0065648202179200525,60.0,3.223179187374639e-06,8536199.083747838,0.282807003749292
4925,4580,345,10445,0.20185979096920462,23,226.0,0.009914892028337296,60.0,9.684480886854489e-06,18953106.568519752,0.22677641659940884
4955,4607,348,10523,1.0,23,243.0,0.005336932655565249,60.0,9.712475709456066e-06,9410403.21637434,0.26006618105864165
4967,4612,355,10647,0.1745804509020952,24,298.0,0.0017539244329575192,60.0,3.3922987156505232e-06,18694983.346158046,0.2820061390517592
4997,4638,359,10741,1.0,24,255.0,0.004201592702120555,60.0,8.206087493696105e-06,13026972.639620218,0.28540625826075927
5027,4661,366,10883,1.0,24,233.0,0.008127269451697203,60.0,7.209824518860886e-06,13599815.27255862,0.27894583910632276
5046,4672,374,11030,0.1398414073747597,25,278.0,0.00940853075737312,60.0,2.430578757448483e-06,6804383.223399664,0.2382956151747611
5057,4682,375,11057,0.13918493905302737,26,240.0,0.0034405636865341566,60.0,5.7065330387005125e-06,15787048.191375053,0.24044316935729204
5076,4695,381,11172,0.13336076825939203,27,223.0,0.003973766117385827,60.0,5.073456290824271e-06,10541633.251728904,0.271166289022465
5088,4701,387,11280,0.18230653566911809,28,280.0,0.008646961263443149,60.0,2.591690024555219e-06,17002889.586248398,0.2496899332924311
5118,4730,388,11326,1.0,28,258.0,0.0011098663022153718,60.0,5.024329099634708e-06,18577909.739792246,0.22155341499806325
5148,4760,388,11356,1.0,28,227.0,0.006509715463164122,60.0,3.1375196634921616e-06,17148822.392825052,0.22516832726603106
5178,4789,389,11402,1.0,28,264.0,0.008000636233416236,60.0,6.618180987720801e-06,12760078.443381436,0.22323701401469928
5194,4796,398,11562,0.13988477110963843,29,295.0,0.007623593374110641,60.0,4.810691662262144e-06,7062722.41278314,0.20352878065959415
5205,4802,403,11653,0.1952453172356157,30,240.0,0.0015427272646606795,60.0,3.2626719956813366e-06,18400527.2998749,0.2661167395885697
5235,4832,403,11683,1.0,30,276.0,0.0026863162425874464,60.0,2.756054788096959e-06,8436782.768085223,0.2717710606122614
5244,4838,406,11740,0.18503876461988167,31,251.0,0.0020911110091504873,60.0,6.467242149454667e-06,4821998.795712201,0.23362745928242415
5252,4842,410,11812,0.23771627618979113,32,300.0,0.006584686288479539,60.0,7.799676520489502e-06,8863414.304423861,0.21212786555347357
5262,4848,414,11886,0.1626253227201479,33,223.0,0.0034455416767881788,60.0,3.2755895737050226e-06,14479821.22660813,0.2990999483746799
5292,4871,421,12028,1.0,33,248.0,0.004364654078779454,60.0,7.1620417011552905e-06,16100046.325543782,0.22856319457201973
5322,4896,426,12138,1.0,33,205.0,0.0040222161724387025,60.0,2.2256553848847734e-06,9011929.396541305,0.2728179968976423
5334,4906,428,12182,0.15156339184938486,34,247.0,0.0037299129368308405,60.0,3.434891948812523e-06,19264938.05957797,0.27175627431417876
5364,4932,432,12276,1.0,34,281.0,0.006159749245192323,60.0,2.3560144426669885e-06,17995505.59510234,0.25652371188202516
5385,4948,437,12377,0.13416337273285917,31,293.0,0.002120082651909094,60.0,3.939477738849232e-06,11871726.601605667,0.21465272208207525
5395,4954,441,12451,0.16413623278873588,32,294.0,0.0020926477507846684,60.0,6.091558752759496e-06,4731236.474421835,0.28144182649680205
5403,4958,445,12523,0.21893620138456268,33,266.0,0.00255952459902231,60.0,3.6394817926687372e-06,12524731.242957847,0.29190734818227615
5419,4970,449,12603,0.12973909852441423,28,293.0,0.008882094094220007,60.0,6.772866883567126e-06,6274308.816871484,0.2526126913072018
5427,4975,452,12659,0.21301879996657294,29,274.0,0.0037428660267558923,60.0,3.1086834495965932e-06,14438325.86435347,0.2721331620106198
5441,4985,456,12737,0.1862447984260376,30,226.0,0.0020838885294504773,60.0,9.84918085007689e-06,12165705.04256925,0.24567470121835686
5471,5002,469,12975,1.0,30,225.0,0.0010291741753414088,60.0,9.852617397833382e-06,14035785.13253621,0.22122432155381935
5501,5023,478,13149,1.0,30,288.0,0.004025783204865235,60.0,3.5735404461257574e-06,13606219.454969885,0.24408107903479792
5531,5048,483,13259,1.0,30,282.0,0.00989031850436001,60.0,4.5415730000349e-06,1228705.6650323384,0.29415129481216934
5539,5054,485,13299,0.18465296496234984,31,297.0,0.0074118629702378805,60.0,5.805732883439313e-06,5204778.368213736,0.25103141186367034
5546,5059,487,13338,0.34678247466258066,32,229.0,0.0012209640289038244,60.0,9.539367748602154e-06,15081004.27361697,0.2998728862470649
5576,5084,492,13448,1.0,32,283.0,0.0027358157706715556,60.0,3.713149112933441e-06,8741608.975155115,0.22084189025202658
5585,5090,495,13505,0.16429090040064648,33,282.0,0.002858895941787577,60.0,6.1763671861639085e-06,13463439.827379629,0.22853375884281577
5615,5111,504,13679,1.0,33,206.0,0.001996416857863573,60.0,7.449337493516462e-06,15159226.380208908,0.25080447597914574
5645,5130,515,13885,1.0,33,262.0,0.0022820253354273526,60.0,2.979279536163082e-06,13573114.663046299,0.26879350369548816
5675,5154,521,14011,1.0,33,235.0,0.0021793111011998312,60.0,9.055237760191764e-06,19112962.280245066,0.2100188409453593
5705,5184,521,14041,1.0,33,300.0,0.005327387016205262,60.0,2.708819833851619e-06,13522484.46197832,0.2399094998431028
5719,5194,525,14119,0.14017786972372862,32,230.0,0.0035491627637890245,60.0,2.5000226481713452e-06,3723657.6863775207,0.28805198456823783
5732,5203,529,14196,0.13610770712525436,33,218.0,0.0029418775101389735,60.0,8.254198395187185e-06,11240397.519352611,0.294140734845166
5744,5208,536,14320,0.15246472354096993,34,212.0,0.0013831102642775587,60.0,2.640183162371395e-06,17901920.643800326,0.2385494031766693
5774,5235,539,14398,1.0,34,291.0,0.002290076759557385,60.0,6.638928879597266e-06,18177581.368433848,0.227535088284091
5804,5256,548,14572,0.15394950880413494,34,291.0,0.008499761965960542,60.0,6.459331354133651e-06,4577466.428475181,0.29720358816853987
5812,5262,550,14612,0.14910844865352593,35,231.0,0.007792890560505908,60.0,2.10505673120558e-06,5413539.919592096,0.2752355708645333
5822,5271,551,14638,0.14570888295117176,36,296.0,0.004186618198810054,60.0,6.958871708943666e-06,15404047.335130174,0.27169683141317336
5834,5278,556,14730,0.16552040077645394,37,277.0,0.001227677440854804,60.0,7.186169251497097e-06,9015431.467516083,0.2821961814322697
5846,5283,563,14854,0.23543462604659315,37,205.0,0.005813845287044332,60.0,3.871344127839305e-06,16653078.14002535,0.26781989769263004
5868,5301,567,14940,0.1456973687796323,38,276.0,0.008467597129433109,60.0,8.878048464300375e-06,16682141.822784971,0.293657711700984
5898,5331,567,14970,1.0,38,223.0,0.0016143564456508421,60.0,8.019286573813859e-06,11115611.993652115,0.22939711488923067
5912,5338,574,15096,0.16741408044106576,39,252.0,0.0036071306599011646,60.0,2.369417031991987e-06,1791647.1188620678,0.2052009921946238
5926,5348,578,15174,0.17846385953650665,40,270.0,0.002052987176777413,60.0,6.059257715782972e-06,5177669.205880642,0.24299007122814134
5934,5352,582,15246,0.2058735928259821,40,265.0,0.0018516247538689302,60.0,5.704414111717151e-06,6050882.199185944,0.21599854971819182
5942,5357,585,15302,0.40438319104870885,41,272.0,0.004436008103943209,60.0,2.5078812928373163e-06,14553969.195379524,0.2796349893000975
5958,5369,589,15382,0.15066419526379582,40,282.0,0.00908089766590708,60.0,2.3242407699725663e-06,12098523.784877433,0.20046608642642832
5969,5379,590,15409,0.16554132100758634,41,284.0,0.0034251323025644956,60.0,9.285601349478309e-06,16437775.273925483,0.21687047531214332
5999,5394,605,15679,1.0,41,287.0,0.009508446110471039,60.0,2.1945774194563823e-06,11829634.772954538,0.27907419502799174
6011,5405,606,15707,0.1919028350671024,42,239.0,0.004547072251289358,60.0,2.774641179211905e-06,7672977.561809659,0.2981287374729142
6021,5412,609,15765,0.15084111899998007,43,271.0,0.007459424836065964,60.0,2.0927991535213495e-06,5215126.2082600845,0.24305503505510018
6030,5420,610,15790,0.18243725229318458,44,274.0,0.009616304273592037,60.0,7.249882778072106e-06,19438695.975967314,0.23770602795923865
6060,5450,610,15820,1.0,44,257.0,0.008939206870624088,60.0,4.870466099375451e-06,19080568.210348286,0.227429750500413
6090,5466,624,16074,0.172564030833442,44,298.0,0.0028773265427835,60.0,3.776417724587235e-06,15391774.140126504,0.2788841162796962
6103,5475,628,16151,0.19604347248771176,40,221.0,0.005852462842223448,60.0,2.276832607799047e-06,14818193.98364979,0.24201405923016164
6121,5491,630,16201,0.1361461346070007,41,250.0,0.0031810365982353614,60.0,2.560655071478457e-06,15864534.886691852,0.2863594155503284
6144,5510,634,16288,0.14192195161957616,41,282.0,0.005148465173132543,60.0,9.98553796118735e-06,18016012.02504066,0.28140281316478477
6174,5520,654,16638,0.22824726789163743,41,243.0,0.00845634333681292,60.0,2.5129450304405065e-06,19120325.37873087,0.24198089595515307
6198,5541,657,16710,0.13692817898933174,42,278.0,0.002161073556152775,60.0,6.592443995675948e-06,17246786.386543967,0.2777669549344073
6228,5565,663,16836,1.0,42,292.0,0.008254619521795663,60.0,4.997017918606172e-06,19879978.198363658,0.2916556331204721
6258,5589,669,16962,1.0,42,254.0,0.006423646791309279,60.0,5.984537237385276e-06,9809700.74017624,0.294205961830988
6269,5595,674,17053,0.12342641505889396,43,278.0,0.001928470728094862,60.0,7.542966241352088e-06,18906214.31750985,0.2186891835046961
6299,5619,680,17179,1.0,43,210.0,0.008782024765079624,60.0,3.3676714401109796e-06,1272263.7490413813,0.2986734261103674
6309,5627,682,17221,0.1429787547385035,44,289.0,0.0034078887896820385,60.0,3.212769119859261e-06,7856352.264428173,0.2175627714699851
6319,5634,685,17279,0.1590924779418667,45,224.0,0.004370137053856021,60.0,8.57852847917025e-06,17094550.005910993,0.2345273802929642
6334,5644,690,17374,0.12974639087554274,46,242.0,0.0049735416365761075,60.0,2.411571529782627e-06,17389288.28322509,0.25111790926125366
6364,5670,694,17468,1.0,46,265.0,0.00987705440854485,60.0,5.343403030539783e-06,18761636.041603588,0.2161539831860743
6394,5689,705,17674,1.0,46,297.0,0.0085250516882938,60.0,3.0281141322536786e-06,1362752.9441873638,0.26858343577312105
6424,5707,717,17896,1.0,46,290.0,0.002624050514594619,60.0,7.515284985690203e-06,12908368.519148286,0.20764200189599671
6435,5713,722,17987,0.13594147997662454,47,262.0,0.0036485547911770315,60.0,4.109982803115462e-06,19063072.309039768,0.2480347219467359
6465,5743,722,18017,1.0,47,217.0,0.007686827631526707,60.0,3.334590763018794e-06,19832902.546938688,0.22218088758900018
6495,5772,723,18063,0.15041173574427052,47,214.0,0.002704577931700186,60.0,4.146111260947093e-06,18450705.33708987,0.2878333342677808
6525,5799,726,18141,1.0,47,227.0,0.00239171062486076,60.0,7.77255906563838e-06,13821343.571868187,0.26906168924987495
6539,5809,730,18219,0.12989711737412876,48,237.0,0.0010149681169348015,60.0,7.733922483959555e-06,9673003.721310416,0.29262839593906037
6569,5826,743,18457,1.0,48,230.0,0.004440220749543761,60.0,8.116156962746037e-06,1531262.8611811635,0.2994991673753482
6576,5830,746,18512,0.21226436563090118,49,299.0,0.0014065558974366696,60.0,9.379173270796575e-06,16677869.664703168,0.20342454385018252
6606,5858,748,18574,1.0,49,262.0,0.0053946940956370575,60.0,7.294182482735518e-06,19893456.523399867,0.20085235665855497
6636,5874,762,18828,0.14702455441859258,49,276.0,0.0010073535902560217,60.0,4.640792615306025e-06,3550958.789056629,0.21860636605356948
6648,5881,767,18920,0.15286082469184795,50,284.0,0.002845504385919219,60.0,2.2902169151470756e-06,17666322.307706915,0.2116758351652433
6678,5897,781,19174,0.13589333925037908,50,226.0,0.003037401858120243,60.0,8.484320041488162e-06,19062462.814395692,0.25376560044796886
6708,5923,785,19268,1.0,50,220.0,0.0022566822786019595,60.0,3.1949982296466742e-06,11350817.94724529,0.2901643883369352
6719,5931,788,19327,0.14570416787028018,51,266.0,0.007728022540471595,60.0,8.785639229648121e-06,17995921.030372605,0.2291733677802592
6733,5940,793,19421,0.13330171685463604,52,300.0,0.005080157861029081,60.0,3.298922142747027e-06,18918205.398716822,0.2527192089909733
6763,5967,796,19499,1.0,52,217.0,0.0026574640540080975,60.0,4.12344192238016e-06,15583993.187059345,0.24172293876296375
6782,5978,804,19646,0.1350103934608513,53,292.0,0.0031994743740047173,60.0,6.690347048847114e-06,8485469.097646598,0.2801879227720937
6793,5982,811,19769,0.18323945413739356,54,287.0,0.00912578525801603,60.0,8.742327749146291e-06,12844934.99517128,0.2938542310849942
6806,5989,817,19878,0.13615034064807569,55,209.0,0.0031109201183360485,60.0,2.6944033691739423e-06,7616353.301894029,0.2039168730109614
6816,5996,820,19936,0.21016230262651314,56,280.0,0.003060961790101171,60.0,2.2168632503702667e-06,16855607.031537693,0.24581927151576607
6839,6012,827,20071,0.21485507910529872,54,271.0,0.0019337060944863674,60.0,6.210908068921977e-06,18476967.451300602,0.23873922772788056
6869,6042,827,20101,1.0,54,270.0,0.0056855214966655,60.0,5.619099925374146e-06,13526392.565138359,0.28681014206145666
6881,6050,831,20177,0.12858146430533823,55,202.0,0.002413391425182502,60.0,9.788912036537498e-06,16622044.773628484,0.28521262003387393
6911,6070,841,20367,0.13091575542956174,55,220.0,0.005038601390238454,60.0,6.061593926479673e-06,19551703.731560495,0.2260280280843518
6941,6098,843,20429,1.0,55,259.0,0.0038738373773758617,60.0,4.081476857928342e-06,18811072.477208916,0.2113051364442616
6971,6114,857,20683,0.1517759513391474,55,206.0,0.0059225218130231115,60.0,2.0066193092134447e-06,19035778.9000234,0.20549627583184682
7001,6143,858,20729,1.0,55,227.0,0.002233389139989242,60.0,3.1253542964781717e-06,1242998.274552161,0.2384279964560048
7013,6151,862,20805,0.18322934995833465,56,297.0,0.002198878142205748,60.0,5.584260622774974e-06,12448948.845572371,0.280066376015629
7023,6157,866,20879,0.1861083923126387,57,292.0,0.001246248872951481,60.0,4.47998290475376e-06,16177450.07472795,0.2322052219198467
7053,6187,866,20909,1.0,57,277.0,0.005223148556210292,60.0,3.7922983254734227e-06,19076576.421413597,0.2802901165377938
7081,6201,880,21161,0.16580608661634114,55,236.0,0.0018666125373657284,60.0,4.851010988788194e-06,6854164.015350754,0.22482826831289718
7089,6206,883,21217,0.18845907105895307,56,266.0,0.0025949194515901405,60.0,4.841519061780123e-06,13279214.60185805,0.20207201684784618
7103,6213,890,21343,0.13408351610078223,57,282.0,0.008823242219991107,60.0,2.3129793206533725e-06,11067230.96863556,0.2272228808474014
7113,6222,891,21369,0.18696166230410244,58,221.0,0.001830680330478461,60.0,4.727336781162961e-06,13131226.7186936,0.2354062563104183
7126,6231,895,21446,0.19414552091533296,59,200.0,0.001454269242058249,60.0,6.740201879212991e-06,14815896.350084992,0.2838404689179796
7156,6247,909,21700,0.16415235690647892,59,266.0,0.0016206799599007586,60.0,9.101101313382086e-06,15643579.30523258,0.2640377783455229
7186,6272,914,21810,1.0,59,283.0,0.003179969255145238,60.0,2.471441718035188e-06,2913660.8507474884,0.28092621406579804
7196,6279,917,21868,0.19101489161059151,60,297.0,0.009771204871697844,60.0,5.431773944073123e-06,1328063.1281147776,0.27902232038974245
7207,6284,923,21975,0.21982229853267712,61,234.0,0.0011775809957087098,60.0,5.604634801531436e-06,18191205.8352964,0.21082487848398065
7237,6314,923,22005,1.0,61,270.0,0.0015049153518336047,60.0,4.90999101088311e-06,4335491.600724502,0.2073820670613619
7246,6319,927,22078,0.20343720603300436,62,250.0,0.005638299045554422,60.0,2.224600753485887e-06,3030126.5159208183,0.2574830354086402
7259,6328,931,22155,0.144362320306974,63,230.0,0.007204793955725509,60.0,6.610317570674389e-06,16095858.319605708,0.2806388507655574
7277,6342,935,22237,0.13012946524377222,64,292.0,0.0034091662807251067,60.0,2.97863662723569e-06,2143329.963721872,0.27729680579482685
7287,6348,939,22311,0.14641834822574618,65,220.0,0.00236705002673635,60.0,5.474437221343456e-06,12551778.0153946,0.2647497793828184
7297,6355,942,22369,0.23523778089241884,66,290.0,0.00181791782007165,60.0,4.364459142395361e-06,10347565.798451237,0.24673086794604365
7307,6361,946,22443,0.2185874087798399,64,283.0,0.00957153489693089,60.0,6.196084268331579e-06,1761374.3030127895,0.29029395119469464
7317,6366,951,22533,0.3956367094979281,65,213.0,0.001071612738809249,60.0,9.797357344271684e-06,13680317.373309879,0.2948006969384137
7347,6387,960,22707,0.14535260061946859,65,257.0,0.0022021443865990467,60.0,3.530106648923468e-06,17292566.538060896,0.22859109120833954
7377,6405,972,22929,0.20018701792404595,65,201.0,0.0038907789713776494,60.0,2.069681633379088e-06,13599080.079948233,0.29074135562875575
7388,6415,973,22956,0.19804758485666304,66,293.0,0.004563724783762485,60.0,7.28865259302364e-06,19520674.571638674,0.21844465453116046
7415,6431,984,23159,0.12550729459051954,67,292.0,0.001608879919844636,60.0,5.27094841851387e-06,15728926.059150953,0.24211988836813714
7445,6449,996,23381,0.19095721363793022,67,296.0,0.00892091720277163,60.0,9.343625981033109e-06,8900562.090095144,0.2839509930488725
7459,6455,1004,23523,0.21043213507714909,68,289.0,0.004916375870442852,60.0,3.1096351511082355e-06,14819973.719967423,0.2805254060864456
7472,6465,1007,23584,0.20421183494357473,69,226.0,0.0018764133346846268,60.0,5.259897491473303e-06,2933657.0274422932,0.2842226350149559
7482,6470,1012,23674,0.15389609884160813,70,292.0,0.002013450650565426,60.0,7.170681104222419e-06,11603180.331580611,0.24871983326064898
7493,6477,1016,23749,0.2080803448888386,71,207.0,0.007557035176117393,60.0,2.1737957595702398e-06,3820390.7104072617,0.27559516938287143
7505,6484,1021,23841,0.15609189306008733,72,299.0,0.0021647306879064264,60.0,3.928912669542018e-06,14569334.917088473,0.2900520607707284
7516,6493,1023,23884,0.15854650783652097,63,235.0,0.0021092260889126885,60.0,3.771897082522049e-06,6176901.917316506,0.26246366632976686
7526,6499,1027,23958,0.157877759939664,64,291.0,0.0020855845675582722,60.0,8.946112034104511e-06,15577701.213882653,0.22542302967008182
7556,6521,1035,24116,1.0,64,300.0,0.00942245567914483,60.0,8.920353791487217e-06,17978843.418570995,0.23302714343889522
7572,6531,1041,24228,0.13332104938517497,65,292.0,0.003970836776329943,60.0,4.802452389588292e-06,15725333.633265529,0.2957628238384422
7583,6539,1044,24287,0.1531109261690287,63,234.0,0.0013034931618774977,60.0,6.4515073431457846e-06,12485169.056479145,0.2145598116693939
7613,6552,1061,24589,0.13067772277439052,63,298.0,0.005632926952879728,60.0,8.975678987067449e-06,18100501.634849012,0.2703041325835491
7627,6562,1065,24667,0.1331046510261845,64,285.0,0.002428787025421822,60.0,9.0696691710464e-06,17042265.792142116,0.2526904547628006
7657,6588,1069,24761,1.0,64,236.0,0.0020608636889147894,60.0,7.345969129942326e-06,14089277.948484676,0.27987334309593487
7676,6597,1079,24940,0.12943349786198735,65,283.0,0.00548496852058053,60.0,2.537881517597171e-06,19681192.267383985,0.25293227413793273
7706,6620,1086,25082,0.17956938450837784,65,262.0,0.0019895079955499616,60.0,4.38439395984603e-06,15386925.620735891,0.28581905470763225
7736,6629,1107,25448,0.22648173591649823,65,260.0,0.004690719014330758,60.0,2.193525423429114e-06,17983914.447287723,0.28291074568892305
7757,6645,1112,25549,0.15552301903463076,63,267.0,0.0010933571897313193,60.0,8.03393493978285e-06,11830197.427886872,0.25303905358134704
7787,6661,1126,25803,1.0,63,300.0,0.007844928654103175,60.0,5.968269705595298e-06,1586964.5675520936,0.2687136817940452
7795,6666,1129,25859,0.3825326621922157,64,202.0,0.0014485716758696032,60.0,4.825146000761506e-06,14534890.111507254,0.2380811151422102
7821,6676,1145,26141,0.25478476355933055,65,230.0,0.0050662780693985,60.0,2.517113853830412e-06,19150115.826863207,0.2337574937720459
7851,6706,1145,26171,1.0,65,223.0,0.0010934611280438592,60.0,4.007356109898113e-06,7055532.942708191,0.2515468878862235
7861,6712,1149,26245,0.15973624010595835,66,296.0,0.008881416967775065,60.0,2.6788099439810613e-06,14185088.493220527,0.2938021315389167
7872,6722,1150,26272,0.17410014751612166,67,228.0,0.0018472551266729622,60.0,5.57052990519455e-06,13675195.434865866,0.24853806436963763
7892,6734,1158,26420,0.21626054416173907,68,207.0,0.0017931293675100897,60.0,8.278977195205341e-06,17284674.019063853,0.2980848763878592
7922,6764,1158,26450,1.0,68,229.0,0.0017055569301202226,60.0,2.0050770163913387e-06,5117978.765402391,0.2830092317727702
7932,6772,1160,26492,0.14735211388928618,67,225.0,0.0019144545446417476,60.0,4.391053434691399e-06,10282945.055016033,0.29463640174845374
7941,6779,1162,26533,0.15988174854872916,68,267.0,0.0016119265330330926,60.0,8.574050173130866e-06,16205505.049341649,0.2217202531249161
7971,6809,1162,26563,1.0,68,300.0,0.0022946809811733304,60.0,8.411719514965276e-06,16285417.130025307,0.22728034778026926
8001,6826,1175,26801,0.20365695917888632,68,288.0,0.0049641712202439904,60.0,7.038853583736394e-06,4657590.624873117,0.29905735043493586
8008,6830,1178,26856,0.4025205225490044,69,291.0,0.0022140453327964627,60.0,5.905625362687053e-06,18808696.79398778,0.23344205966035425
8038,6845,1193,27126,0.13914536032950953,69,235.0,0.0015499975697828117,60.0,5.173401907414314e-06,12948286.895743847,0.25044439786217004
8051,6853,1198,27219,0.17525318220586877,69,295.0,0.005509480979046181,60.0,3.4656798062173736e-06,1639259.3249870357,0.2676769526436923
8061,6858,1203,27309,0.1899672489773721,70,207.0,0.004042419909906577,60.0,9.77725285162993e-06,18661704.051340204,0.24887706738727583
8091,6888,1203,27339,1.0,70,218.0,0.003535176278177352,60.0,4.8809590678174895e-06,17861491.96209881,0.28021838637349833
8108,6898,1210,27468,0.14528838991605073,71,271.0,0.0023487184471975425,60.0,3.0621422277251176e-06,16725701.4934728,0.20020684389528007
8138,6910,1228,27786,0.2228653467950466,71,283.0,0.001964294337888726,60.0,9.617683366949336e-06,13684564.936663352,0.29637091575945745
8164,6922,1242,28036,0.13933962247732515,72,223.0,0.002259815291823136,60.0,5.547031571514112e-06,17563752.730241865,0.22357845452650582
8194,6952,1242,28066,1.0,72,226.0,0.001480766117059531,60.0,3.0691007834837286e-06,13461400.166338397,0.29289683937751787
8224,6962,1262,28416,1.0,72,256.0,0.008103866313962624,60.0,3.5814334253083104e-06,19514543.45549814,0.21870909512606465
8250,6979,1271,28586,0.17393157763183942,73,273.0,0.0020626303797280435,60.0,3.6073930311596015e-06,9848785.541624444,0.2674922034060573
8258,6986,1272,28610,0.16875784957345324,73,291.0,0.0013535039458677264,60.0,2.5434895380310563e-06,16423414.864107437,0.2411327861623488
8288,7000,1288,28896,0.20103568445565148,73,277.0,0.004307236325847124,60.0,2.5651456854397886e-06,7485937.593124301,0.2460322618916798
8297,7006,1291,28953,0.1563167581808169,74,241.0,0.003670443964258866,60.0,6.324855612024874e-06,9273677.427538913,0.29282423260234425
8306,7012,1294,29010,0.15696151145334403,75,300.0,0.003133464251099232,60.0,4.470203202813252e-06,1479891.8729438698,0.2673933109027763
8317,7018,1299,29101,0.15587399804255817,76,240.0,0.0028983791386058416,60.0,7.952690742483396e-06,18954053.588562697,0.27457210653929887
8347,7048,1299,29131,1.0,76,251.0,0.0014750515229558143,60.0,5.795996476763295e-06,18784665.63791541,0.28424557245130627
8377,7078,1299,29161,1.0,76,254.0,0.003912317405329314,60.0,2.315202571903191e-06,9389009.684699627,0.2743509186631525
8387,7085,1302,29219,0.18067097544930932,77,216.0,0.0013161909424858026,60.0,5.103410478779266e-06,8913135.685502887,0.20832306489287383
8396,7091,1305,29276,0.2085939601016144,78,282.0,0.0012592877873231424,60.0,6.879311151309914e-06,6231379.120940289,0.2684610602901919
8404,7095,1309,29348,0.16115532889465134,79,290.0,0.0020697138860383347,60.0,3.6011396308663767e-06,10786372.425065348,0.2870271807353509
8414,7101,1313,29422,0.14605118533109354,79,237.0,0.0011008905065754261,60.0,5.256477078906856e-06,7941446.280544635,0.280228855331978
8422,7106,1316,29478,0.19214751162834695,80,297.0,0.00884901458581415,60.0,5.0531458301024024e-06,15692808.89200735,0.22664765001985143
8434,7116,1318,29522,0.1583043655038316,81,250.0,0.003136268037312617,60.0,7.890051933978277e-06,19655798.265158728,0.2279452710917889
8464,7146,1318,29552,1.0,81,284.0,0.002138647383241551,60.0,8.050192009045698e-06,16227850.570391376,0.24927993158199702
8494,7163,1331,29790,0.22412628011201177,81,285.0,0.003280008575386488,60.0,6.568872989785638e-06,14640654.82057389,0.285193740093712
8505,7171,1334,29849,0.2180162172949119,82,245.0,0.0018599222937292978,60.0,9.365256666276753e-06,14148925.464121904,0.20792514855161714
8535,7187,1348,30103,0.14928591017475742,83,257.0,0.007058089366678967,60.0,4.81062569368518e-06,19318874.53065233,0.23592645077929797
8565,7211,1354,30229,1.0,83,292.0,0.0018863820380652552,60.0,9.10529254101782e-06,11216174.89211854,0.2811446010127595
8578,7217,1361,30354,0.17316242877935792,84,274.0,0.0024154573958003944,60.0,2.168012916665172e-06,2414796.8414992,0.22342378166855925
8608,7244,1364,30432,1.0,84,229.0,0.0010061751368903155,60.0,4.874502470201895e-06,2452729.9576571416,0.21764863676525117
8620,7250,1370,30540,0.15046818058256486,85,212.0,0.005218298773371553,60.0,3.833205668817391e-06,18321099.486083236,0.24709515720652334
8644,7264,1380,30724,0.15781551244135258,86,227.0,0.0024180320111282325,60.0,6.157669620546497e-06,16882330.40464787,0.21908464840484465
8664,7278,1386,30840,0.1377381219799359,87,230.0,0.009209134698944587,60.0,7.030053820996705e-06,19161205.15440052,0.2328075977025898
8693,7294,1399,31077,0.1364174017008081,88,257.0,0.007666330614079089,60.0,2.239131654571958e-06,19622877.935147878,0.25455101836148125
8718,7313,1405,31198,0.19053951183388596,86,225.0,0.0025156366628094925,60.0,2.9588712116489336e-06,12399593.60464943,0.24485305186711911
8728,7320,1408,31256,0.16772960775213364,87,274.0,0.0014152938161926159,60.0,6.714407617707961e-06,19024196.55997023,0.20774460196935196
8758,7350,1408,31286,1.0,87,273.0,0.0010883358019252254,60.0,9.10585346231244e-06,5495640.704879661,0.26820137110247233
8766,7355,1411,31342,0.20327628475807272,88,252.0,0.005340312784646985,60.0,7.973514922790618e-06,19573453.50783512,0.2659652515890818
8796,7385,1411,31372,1.0,88,284.0,0.008394376160386824,60.0,4.304220201766632e-06,19171948.208556548,0.2993228227796118
8812,7396,1416,31468,0.13762507215741102,88,280.0,0.00256286991525257,60.0,5.635854160948386e-06,2872323.185750829,0.29242569654800754
8820,7400,1420,31540,0.1647888350776382,89,238.0,0.002986093283307234,60.0,6.602209704561716e-06,16873691.893136628,0.2409163712888517
8835,7411,1424,31619,0.13702070410350875,90,253.0,0.0010431314013890766,60.0,7.97741878327233e-06,6373894.79215159,0.23031085277737742
8843,7416,1427,31675,0.20529463984219307,91,295.0,0.0021336158092311267,60.0,8.725204571661855e-06,19421743.039002933,0.24665851158942953
8873,7446,1427,31705,1.0,91,286.0,0.009242992007223592,60.0,2.028784562896128e-06,2428577.8143616677,0.280158689906448
8884,7454,1430,31764,0.18914902593995742,92,221.0,0.0031914812384095477,60.0,8.901745807921536e-06,18622524.495720543,0.27163784893231063
8914,7481,1433,31842,1.0,92,261.0,0.00984973672932737,60.0,3.53926929414789e-06,7331203.739870476,0.2990486112848248
8924,7489,1435,31884,0.16278531654140777,93,208.0,0.0018018001367134896,60.0,5.37308268359729e-06,14244989.525828248,0.23433681297053277
8937,7499,1438,31945,0.1782729717261488,94,294.0,0.008614690216320931,60.0,7.812827925785601e-06,18783873.02946075,0.2718378830617203
8955,7510,1445,32075,0.13858906139755997,95,296.0,0.007901575437806029,60.0,2.6625684640448988e-06,19329480.777804885,0.21961038851810324
8976,7525,1451,32192,0.13103051947257818,96,203.0,0.0016333672015907594,60.0,3.010871675053237e-06,17764608.47032376,0.2597967366149349
9006,7546,1460,32366,0.14741027405432192,96,252.0,0.004870085976253798,60.0,8.203281561229551e-06,16273547.146346392,0.2940741440854371
9019,7556,1463,32427,0.13143424424958927,97,204.0,0.0016762825411362884,60.0,3.925789892387179e-06,17522820.880610056,0.2459778972531622
9049,7581,1468,32537,0.17088193248420833,97,286.0,0.009676877048415574,60.0,5.391378521880508e-06,17852259.182697374,0.28614173440367047
9063,7591,1472,32615,0.1697257371573636,98,216.0,0.004137612990296651,60.0,8.438093517081673e-06,19883391.26654292,0.26454675231215286
9093,7620,1473,32661,1.0,98,291.0,0.0013505512770262042,60.0,9.423047960577764e-06,3643682.580806067,0.24696853219622691
9099,7624,1475,32699,0.24327361670472636,99,299.0,0.008902906463076028,60.0,7.0998245893672e-06,19399712.90684517,0.2856571919534806
9115,7637,1478,32763,0.1290383165728956,100,281.0,0.0039068960338222835,60.0,2.6082691361205878e-06,4328774.047516419,0.26412156100770917
9124,7643,1481,32820,0.2262864668243537,101,204.0,0.008794795655202515,60.0,3.402701244447543e-06,18441843.30053924,0.25686678707847155
9137,7654,1483,32865,0.14961279727988894,102,291.0,0.0011207057032320959,60.0,8.23890828673982e-06,17751979.714384913,0.24095627814154336
9167,7684,1483,32895,1.0,102,279.0,0.006700178319400593,60.0,5.749555724232525e-06,11443939.601536606,0.2969911925020985
9177,7691,1486,32953,0.20856294119525257,103,291.0,0.007396408640897277,60.0,5.092025347987347e-06,17980639.870663617,0.2502936637693692
9192,7701,1491,33048,0.13494591621858887,104,271.0,0.009070878347674505,60.0,2.0346363968162855e-06,3527745.978849702,0.28241191383954567
9202,7708,1494,33106,0.1727210900779212,105,255.0,0.0032033247028700786,60.0,7.5982051854360526e-06,17897118.595817998,0.20926698700744664
